text	Previous_predict	predection
  rule law Law RULE	0.0	0
puerto Rican understand pr USA territory JERKOFF	1.0	0
  um bc	0.0	0
murder like Dylan roof	1.0	0
  nice trump supporter tell believe great compare criminal history american politic	0.0	0
    Nov election tell tale msm laud Antifa alt medium expose Soros shill shithead	1.0	1
  collision	1.0	0
  thank man stock store tbh need order phone online pick 2 3 day Texas	0.0	0
  Carrey look like tranny day	1.0	0
   recommend watch conservative	0.0	0
7 2 roe decision Scotus statement	0.0	0
modern liberal conservative white man devil	1.0	1
  Josh fuck loli robot	1.0	1
    embarrassing low human possible diminish loss life elderly	1.0	0
     love graphic novel shelf priority excellent librarian clapping_hands clapping_hand clapping_hand	0.0	0
  Man'sNotBarryRoux goggle dig information ga o flake face_with_rolling_eyes thinking_face thinking_face face_with_rolling_eyes beaming_face_with_smiling_eyes beaming_face_with_smiling_eyes	0.0	0
  aw Chelsea end well person love parent	0.0	0
  say Travis Ellen hate ass bitch loudly_crying_face	1.0	1
  stage pain ass terrorist hunt love	1.0	1
  red_heart beloved red_heart	0.0	0
       Toffee face_savoring_food	0.0	0
  Mom well watch Moron hand 17 accusation sexual harassment charge affect Pee stain skin liking peed	1.0	0
    People speak gun control gun violence choose pay attention wilful ignorance	0.0	0
county liberal corrupt Mike Madigan URL	1.0	1
Unafraid Unscathed   bring Hope change world MAGA nokosoko North Korea Kim Jong un agree shut missile site BBC News url	0.0	0
  clue talk not tell difference real nazi freedom love minority	0.0	0
   question s gun control law ass work	1.0	1
  Iran u belong stupid idiot	1.0	1
19 professor student murder Connecticut 223 Bushmaster XM15 E2S rifle NRA blame gun control law	1.0	0
   Bloodsport forget monologue jackson describe big monster think 60	1.0	0
  Nice hat face_with_tears_of_joy hey liberal Democrats   live Rent Free you head like McDonald imlovingit Sweet Revenge taste good MAGA WalkAway	1.0	0
liberal agree destructive url	0.0	0
situation warped attempt power away individual	0.0	0
    liberal minority Republicans brain cell rock	1.0	1
control difference Women lobby use	0.0	0
      calm patient great mind people bc viewpoint aspect life	1.0	0
  truly amazing sir ji	0.0	0
  Damn ugly	1.0	1
   Fuck cunt try size url	1.0	1
TourismJobs GOP maga uspoli USPolitics url	0.0	0
  Antifa burn Conservatives house CNN light torch throw gas flame	1.0	0
battle comic fate rage URL foxnew	1.0	0
     pathetic	1.0	0
know king Tshwane know Thulare dude	0.0	0
  Bono attempt inculcate masse later life epiphany senility certain marker guess Bono clear sad flushed_face thinking_face thinking_face	1.0	0
     village miss idiot face_with_rolling_eyes	1.0	1
  leave girlfriend know good you understand	0.0	0
firearm right comment gun control	0.0	0
      amazing consistently manage piss progressive conservative arrogantly misguided segment	1.0	0
  scream official throw racket confused	0.0	0
  Booooring	0.0	0
   pedo	1.0	0
complete imbecile	1.0	0
want pretend vilify ugh	1.0	0
  true pretty damn good QB	0.0	1
12 way use Saul Alinsky rule Radicals Liberals url	0.0	0
  today	0.0	0
   think u right deed wear Jersey raising_hand	0.0	0
  slow wanna ask bring personal mac use work computer wanna like apple snob shake	1.0	0
  think sorry true Obama screw american people	1.0	1
   support Jahs blessing hussle d bomb	1.0	0
fucking proof enjoy consciousness def change doit	1.0	1
status illegal contempt law pull scam 24/7	1.0	0
      rap like pop thing pop butt implant Remy skinn pregnant url	1.0	1
   will elect Beto	0.0	0
  like music suck	1.0	1
  yes url	0.0	0
let happen kind Treason 2 amendment	1.0	0
  girl bitch aggravate	1.0	1
  Ali hometown welcome safe ride storm	0.0	0
  repulsive human possible level	1.0	0
show sane	1.0	0
   achichincle lamebota	1.0	0
   	0.0	0
   GUN CONTROL	0.0	0
red_question_mark double_exclamation_mark   url	1.0	0
   thinking_face thinking_face hang 70 plus frog cock thinking_face face_with_tears_of_joy face_with_tears_of_joy	0.0	0
   END Story lie Liberals Witness thinking_face	1.0	0
   pound wanka	0.0	0
add Antifa organize pay protestor Kavanaugh hearing united_state url	0.0	0
  backon twitter	0.0	0
  penn state produce criminal	0.0	0
think Student Loan Crisis url tcot maga rednationrise	1.0	0
       thank mum	0.0	0
    oh wait til hurricane meal tweet go to sooo jealous	0.0	0
liberal play politic nowadays	0.0	0
    role model Adam	0.0	0
   hurt constantly apologize far right conservative	0.0	0
prove country bad	1.0	1
history judge QAnon url	0.0	0
  ya sexy lady ♡	1.0	0
   exactly evil liberal try intimidate people step guess bullying ok liberal	1.0	0
	0.0	0
conservative find guilty accusation know political url	1.0	0
  spot thank Joe Creepy Jr spread Joe message	0.0	0
trump toryparty ukip conservative christian qanon	0.0	0
  Google CFO joke idiot hire position Googlearecorrupt BestuseQwant	1.0	1
  play Clue base high school party 80 federal judge teen seriously	1.0	0
  cute	0.0	0
  whoaaa amazing wanna squinting_face_with_tongue kinky lil slut ily	1.0	0
   serve rate barrel pal MAGA united_states united_states United_States President Trump	0.0	0
  thick wtf weary_face	0.0	0
   guilty prove innocent	0.0	0
  CONway louder fellow MAGA trumpkin horrible peiple insult url	1.0	0
theferalleft liberal continue Infiltrate indoctrinate kid show hire mentally ill hemorrhoid url	1.0	0
liberal	1.0	0
   Xtc go help sleep hahahah help feel well Rockstar shit mean sleeping pill face_with_tears_of_joy	1.0	1
enjoy clown_face start Barack Obama	1.0	0
  wow   look permanently suspend place fucking headline youhadonejob	1.0	1
	0.0	0
  maybe peer url	0.0	0
   oh man go trigger fanboys fangirl lol	0.0	0
      mass school shooting number Republicans disinter gun control NRA $ come account	0.0	0
      nutbar block Todd block give clue	0.0	0
   Fabulous 40 heart_with_ribbon	0.0	0
  fear tactic people attack bullshit	1.0	1
              damn drink fight right OOH RAH party time Antifa pinata	0.0	1
  shit transport Africa niggas tell see venomous snake iguana beetle size car tire lmaoooo man_facepalming_medium dark_skin_tone man_facepalming_medium dark_skin_tone man_facepalming_medium dark_skin_tone man_facepalming_medium dark_skin_tone kind shit	1.0	1
  lose dump rump asap menace	1.0	0
sinful flesh reborn sinless cleanse blood salvation sin debt pay praise God	1.0	0
  m vote     constitutionalist republicans thank fight America appreciate   maga keepamericagreat	0.0	0
  eat weird shit cross line	1.0	1
   know fact make man url	0.0	0
  plain stupid think clever come GE public tory pay cast political dustbin yrs come smug	1.0	1
   speak dog whistle think fool	1.0	1
  get 100 right piss wall mark height	0.0	0
  politician stop reason ban confiscate popular firearm gun control crowd make target wrong	0.0	0
California url url	0.0	0
    trump want president narcissist live great life taxpayer foot bill Impeach Trump	1.0	0
  yes stupid know bachelor	1.0	1
  Berkeley Antifa agree url	0.0	0
  ah classic antifa behaviour trashpeople =)	1.0	0
President Trump announcement DonaldTrump maga metoo url	0.0	0
  remember game fucking start	0.0	1
end immigration	1.0	0
   private url	0.0	0
  Holy shit thank craft tv anymore end wrong	1.0	1
go to surprised find stealth   good Joe MAGA   QAnon TRDJ WWG1WGA url	0.0	0
    like hell hurt job -randy Orton ear	1.0	1
  henry	0.0	0
brainwash url	1.0	0
  know	0.0	0
  well look lie chick lawyer	1.0	0
bad guy EVIL liberal democrats band hater Antifa blue wave	1.0	1
antifa say	0.0	0
offensive	0.0	0
   love u kady real MVP	0.0	0
obese lazy greedy simple science	1.0	0
  Pussy	1.0	1
Bush year clinton profile courage GOP beat NRA weak NRA Bernie vote 5x NRA	0.0	0
  think pick fun face_with_tears_of_joy face_with_tears_of_joy	0.0	0
sense compassion	1.0	0
	1.0	0
  music	0.0	0
  Glad winner	0.0	0
  sorry BAG listen dark url	0.0	0
  bakkt etf call etf FUKEN CUUUUUKS	1.0	0
  plane nuts	0.0	0
  lie liberal SMH	1.0	1
   absolutely wrong victim perpetrator	0.0	0
              pc common decency face_with_rolling_eyes	0.0	0
  whoa flushed_face resist Liberals FakeNews Democrats pp Antifa WomensMarch MaxineWaters Kavanaugh HillaryClinton MAGA Maddow VoteRed2018 kitchen sink face_with_rolling_eyes	0.0	0
  Carrey shut good	1.0	0
  kill land PHX 30 min early SAN sit tarmac 40 min officially late look like go miss connection OAK suck	1.0	1
political Unmasking Team Trump prosecute american Thinker url url MAGA pjnet KAG TrumpTrain TrumpTrain2020 URL   tw055	0.0	0
   nice welcome	0.0	0
  try smoke follower antifa Shrewd	0.0	0
   good debate good Dancing Competition	0.0	0
$ JPM	1.0	0
  Fuckin great brother laugh like little girl grab ball stay trade	1.0	1
  hope shit trend beef wax homie yell Hot 97 like 50n Cam url	1.0	1
  Money well spend American Mental Health gun control sandy hook Vegas Concert Theater Shooting Church sunny Springs	1.0	0
MaxineWaters trump display despicable Behavior Human url MAGA	1.0	0
brainwash mainstream medium	1.0	0
  let nigga fish peace damn	1.0	1
    economy plummet post brexit money public service immigration work farm service doubt step conservative brexitshamble 2/2	0.0	0
  away irrelevant	1.0	0
            Nah liberal	0.0	0
  little big like need join chubby chaser tour	0.0	0
       Lets electric ferry tear dam liberal sense	0.0	0
  lie diversion	1.0	0
  Antifa democrats disguise GOP look infiltrate party worry long figure	0.0	0
ConfirmKavenaugh maga url	1.0	0
   forgot run office disagree Diane Feinstein liberal wrong think	0.0	0
look like white supremacist	1.0	0
	1.0	0
  bat nigga	1.0	1
  BS	1.0	0
liberalismisamentaldisorder need squashed like bug votered2018 url	1.0	0
agenda	0.0	0
  glad	0.0	0
   monsta x beautiful queen	0.0	0
20 Crazy Things Liberals Blame trump url   Unhinged blame President	1.0	1
        Bibi look like Stalin Stalin young maybe start act like tad China friend	1.0	0
   agree conservative heart hate 45 conservative ideal	0.0	0
   hate President	1.0	0
hat pay play	0.0	0
   course agree testify Mon vote Friday life move obstruction lunatic liberal	0.0	0
    DAVID BIRNBAUM INVISIBLE MAN ELECTION time EXACTLY bad LIBERALS ARROGANCE COMPLACENCY MENTION ARROGANCE CONTEMPT ELECTORS	1.0	0
	0.0	0
    basically PSA spoonfeed liberal exactly want hear confront structural inequity help foster implement	0.0	0
  money conservative promise housing year house actually build promise add	0.0	0
   God god	0.0	0
big thank stupid celebrity event like serve help Republicans     election MAGA     url	1.0	1
peacemaker shoot start big war > 2	1.0	0
  lovely way word wonderful person big heart thank	0.0	0
Brexit url	0.0	0
  think blame dumbass gun control	1.0	0
    McEnroe fucking legend hurl abuse appear commercial yell people movie yell people icon think fair	1.0	1
precedent overturn wait info sure	1.0	0
  come ohio	0.0	0
investigate complainant know MAGA	1.0	0
   try good libnut elitist Hollywood degenerate roasted medium question vaccine safety	0.0	0
generation responsible civic WalkAway	0.0	0
take fortitude right	0.0	0
   ha ha ha sneaky bugger warning sound	1.0	0
  Curious find website fit narrative coward url	1.0	0
   like Antifa hide face	0.0	0
  Hope feel well	0.0	0
  fuck russ 110	1.0	1
    maybe light loafer	0.0	0
  Eye Kay oh ass	1.0	1
    fucking idiot	1.0	1
repress	0.0	0
  want POTUS	1.0	0
   Notice focused pic kissy pic guy girl stare camera	0.0	0
    Chicago live proof gun control work	0.0	0
listen carefully    QAnon Qanuck AskTheQ wethepeople thegreatawakene thestorm MAGA WWG1WGA url url	0.0	0
     ask deez taste	0.0	0
    fuck hard	1.0	1
  amazing money throw guy liberal freak beto epitomize wrong America vote CRUZ	1.0	0
  find today Jesus white church Sunday watch football damn Obama liberal	1.0	1
demonize Trump unbiased reporting	0.0	0
  shit night	1.0	1
  Lindsey Graham use butt hole	1.0	1
    sick individual care Pope trash pick guy sick bring justice	1.0	1
restriction	1.0	0
  people die Chicago stupid sound idiot	1.0	1
  Super sexy red_heart smiling_face_with_heart eye ok_hand	0.0	0
   clueless defence minister rival anthony	0.0	0
      18 consider child porn matter legal age	0.0	0
  nail conservative turnout Nov stop Democrats win midterm backhand_index_pointing_down backhand_index_pointing_down backhand_index_pointing_down url	0.0	0
  Legit get saying write right	0.0	0
person drink	0.0	0
politic Government LIBERALS won't like >   say   take   talk plan url	0.0	0
  maybe try throw hint Kaycee ease blow pick Angela Kaycee reckless idk	0.0	0
  wow Erick work phd theology pick career evangelical understand	0.0	0
  Goodell adult brat NFL yard work	0.0	0
  plan run   Joe lose natural mind	1.0	0
  Goofy grandfather url	0.0	0
hide taxis FordNation	0.0	0
gun violence capital USA Dick + +	1.0	1
  Energy Independent	0.0	0
effective form crime prevention law cdnpoli cdnhist url	1.0	0
  antifa member midget gypsy stand shoulder big skinsuit	0.0	0
teach child MAGA2020 wethepeople MAGA Qanon8chan Constitution Song url	0.0	0
  seriously guess comedy easy viral try draw shit XD	1.0	1
promise	1.0	0
  Iya Risi area not money widow 5children attempt money prove abortive scam	1.0	0
dontmessaroundwith conservative dismiss prejudice	0.0	0
     right dang s t	0.0	0
start Perry	1.0	0
   understand sound cold love Nintendo money grub bastard cat_with_tears_of_joy	1.0	0
   dem tactic Leftist good conservative	0.0	0
hypocrisy get meme fraud url	0.0	0
  parasitic lump	1.0	0
  maybe Florida need tough gun control	0.0	0
   fair save breath cry help reality hit libertarian conservative	0.0	0
  professor Liberal Colleges Day Antifa Night	0.0	0
   Communists liberal bullet wow f*ck communist exclude instead unifying	1.0	0
   oh shit joke wtf	1.0	1
  woman molest young boy day forgive Hypocrisy thrive celebrity circle	1.0	0
     australian origin Gun Control Paperback url Kindle URL	0.0	0
  well Monday hell slow walk dictate term MAGA	1.0	1
  talk kangaroo court liberal want person word able destroy person life sick	1.0	1
   consistently stupid argument gun control advocate	1.0	1
  listen man Robbed American Taxpayers Millions dollar give Iran	1.0	0
   make sense gun control barely issue vs immigration	1.0	0
   matter Hollywood liberal face_vomite	0.0	0
  hopefully joke hate boycott leftist entertainer stop say stupid stuff	1.0	1
tolerate ur loud ass maga merch not shit nike kiss ass	1.0	1
muelleriscomingforyoutoo patheticlittlemanjr	1.0	0
  Breitbart reliable source	0.0	0
  bullet cheap	0.0	0
  look guy Antifa write	0.0	0
  conservative believe attempt rape form flirting get look past will believe nonsense	1.0	0
  old Cooley day	0.0	0
deliberate share Labour agenda useless	1.0	0
  guess forget walk liberal plank	1.0	0
  false report antifa professor assault 36 ish recall year ago upstanding scotus nominee look	0.0	0
  investigatechtistineford ford delete social medium account suddenly want delay testimony Ford ANTIFA activist	0.0	0
   wonder antifa riot street find corrupt government	1.0	1
  mean step close get Rust	0.0	0
  Beto anti american believe open border illegal recieving benefit Texans need state red	0.0	0
  fuck em complete moron	1.0	1
    start marco rubio conservative	0.0	0
  toxic alligator	1.0	1
workout fat belly insulin resistant fix medication fast detail url url	0.0	0
analysis | Devin Nunes explain antifa riot win url	0.0	0
  yeah Gun Control Act   use lot innuendo black people ghetto text	1.0	0
    stop lie liberal say absolutely nuts	1.0	1
Clinton lose	0.0	0
liberal turn SC Confirmations Jerry Springer	1.0	0
      russian collusion prove 2 yr collusion crime People win WWG1WGA MAGA	0.0	0
  real teal shit Eric da gawd	1.0	1
case mid 90 thinking_face	0.0	0
  £ ucke liar turn light notice apartment look number WTF	0.0	0
  MAGA	0.0	0
  log not shit bet eat nachos middle night underwear	1.0	1
  huge fuck	1.0	1
	0.0	0
REMIND patriot maga stand WWG1WGA Shocking Undercover Video Exposes Communists inside Government break Rules day Sara Carter url	0.0	0
stand assault problem	0.0	0
   fuck disgusting animal editor approve news bag shit	1.0	1
BITCH	0.0	1
  Strength let universe thought	0.0	0
  actually give power nut bar take gun say	0.0	0
        President respect liberal	1.0	0
   spread FakeNews   FYI MAGA	1.0	0
decent safe place url	0.0	0
whateverittake inform liberal truth url	1.0	0
  need leave lot shit past lol tweet literally	1.0	1
buy today well luck new book   MAGA url	0.0	0
  prove clue thing legislate interest comment opinion	0.0	0
  report garbage crap	1.0	1
  make sick use confirmation hearing investigation campaign photo op junior Senator way league	1.0	0
    usaafr18 look forward Dr. Deirdre Cooper Owens Wednesday October 17   lecture Medical Bondage Birth American Gynecology	0.0	0
	0.0	0
   good s fine gun control double tap ass	1.0	1
   teacher nut job judge remember influence young mind	1.0	0
1 gun control work Chicago 2 military access assault weapon ignorance old age work Chinese url	1.0	0
   FINALLY small cost effective government thank Conservatives	0.0	0
   truth need threaten moderate gun control proposal seriously talk	1.0	0
  trashy thing sleep way married man	1.0	0
  popular	0.0	0
2018s big epidemic say neoliberal mean LIBERALS	0.0	0
  President Obama miss believe President able accept reality	0.0	0
soon man like way fucking sea well	1.0	1
   FBI investigation woman motive political hit job kind shit conservative bullshit	1.0	1
   radical Social Media Antifa type hang	0.0	0
  prospect game fatbastard	1.0	0
  loudly_crying_face loudly_crying_face loudly_crying_face precious sparkling_heart	0.0	0
single thing	0.0	0
  honestly camera suck ass great zoom	0.0	1
  Antifa loud mouth Democrat	0.0	0
  human garbage wrong	1.0	1
   tell BBC viewer   cause big fall number new affordable home go solve crisis cause	0.0	0
   support gun control Texas long Beto	1.0	0
busy liberal complain loste traffic	0.0	0
   AntiFa riot scream white people	1.0	0
    racism like   face_with_open_mouth	0.0	0
globe	0.0	0
   scratch head try intimidate let	0.0	0
   easy Pod believe side terrible honestly look conservative	1.0	0
  hold majority house senate Obama say election consequence want thank Harry Reid senator vote end filibuster	0.0	0
WakeupEurope   url	0.0	0
   moore- United States America REPUBLIC school	0.0	0
  good news GOP ready straight jacket	0.0	0
  Chicago tough gun control law country Democrats want disarm law abide citizen criminal gun	1.0	1
trump correct call liar 18 month	0.0	0
    cop rarely get shoot country gun control	1.0	0
daddy pardon ticktock	0.0	0
arm leg start call dismember	1.0	0
  win Texas need liberal liberal touch turn crap	1.0	0
Clinton Feminist Brett Kavanaugh Predator Liberalism = mental disorder	1.0	0
  Screw shit honestly face_with_tears_of_joy	1.0	1
Beto O'Rourke vs Ted Cruz Latest poll Democrat Underdog Shown Lead Time Texas Senate Race Newsweek MAGA url	0.0	0
     visit tomorrow awesome	0.0	0
  shit feel real life whack like set begin idk	1.0	1
  think funny lack talent comedian	1.0	0
FBI find trump Russia Collusion Bob Woodward url tcot maga rednationrise	0.0	0
   liberal sick people	1.0	1
university property maybe wear swimsuit grope badly	1.0	0
    Look Ellen socialist commie government Universal Health Care big government gun control free college American capitalism	1.0	0
life take   finally listen action	0.0	0
settle love rally PROMISE	0.0	0
instead Fear call Pervs url	0.0	0
   expect fool like j rubin incompetent hair fire libs cost people life blame Pres trump	1.0	1
  criminal schmuck	0.0	0
Bachelor Science   work Boeing believe oppose	0.0	0
    Antifa FACIST let mean anti Americans use fake title facist	1.0	1
           liberal know truth example Obama number presidency url	0.0	0
  bet one call rob police enraged_face double_exclamation_mark   People freak stupid face_with_rolling_eyes	1.0	1
   chloe shut fuck seriously fucking life leave idk time fucking tell bc clearly fuck	1.0	1
  Holy shit meet Michael Jordan	1.0	1
  strong vibe people man vibe ten million murder dangerous DT	1.0	0
  adorable smiling_face_with_heart eye	0.0	0
look screen	0.0	0
  butt hurt like HRC	1.0	1
  beast boy 15 raven 18 robin starfire early thirty	0.0	0
  need complete total gun control philly need follow footstep chicago london democraticsocialismnow nomoregun	0.0	0
  look like gun control work Chicago grinning_face_with_smiling_eyes alien	0.0	0
sanctity life ensured mom baby	0.0	0
  like real life cartoon character love respect shit	1.0	1
appear roid rage	0.0	0
vote People India smart know real reason	0.0	0
   url read wage rebellion- beautiful moment suspicious article confirm	0.0	0
  Nigga bo2 good Cod face_with_raised_eyebrow url	1.0	1
  Boycotting NFL rest life	1.0	0
  stop nice lie obstructive liberals- vote snd infantilize bh DEMS- ruse url	0.0	0
  Eric Holder perfect Att Gen OBama administration ounce human decency bone	0.0	0
  oh go start paint hideous picture like   peddle socialism gun control	1.0	0
law abide ignore fact criminal use illegal gun	0.0	0
   shot chris Han nasty h3 player bb	1.0	0
SenFlake wrong use MeToo politic ChristineBlaseyFord url	1.0	0
3rd base path hold cap hart right hand	0.0	0
   ok antifa terrorist intelligent conversation way head safe space url	1.0	0
  unepic	1.0	0
  rating low people like guy make fun conservative reason trump win people pitiful shameful	1.0	0
  shut ass sneezing_face	1.0	1
want	1.0	0
  hell yeah FUCKIG	1.0	1
   liberal want hear Juanita Broderick ignore liberal want hear Keith Ellison accuser double Standard	1.0	0
modern day Norman Rockwell QAnon MAGA url	0.0	0
  Clearly Durbin live rock year	0.0	0
experience know talk	1.0	0
  think jisoo focus find taeyoun	1.0	0
   call letter	0.0	0
report	0.0	0
	1.0	0
  loudly_crying_face loudly_crying_face loudly_crying_face loudly_crying_face loudly_crying_face loudly_crying_face want loudly_crying_face loudly_crying_face loudly_crying_face loudly_crying_face loudly_crying_face loudly_crying_face thank god hospital revive	0.0	0
  feel like face change right middle mom dad	1.0	0
  Negative Nellie live brain constantly battle creep	1.0	0
   liberal will investigate know find liberal blame	1.0	0
    follow Yoda Liberals	0.0	0
  advocate gun control break current gun law place irony url	0.0	0
    ALT RIGHT lmao nope Marxists SocialismSucks	0.0	0
  feel attack face_with_tears_of_joy	0.0	0
  fast forward defensive Toad	0.0	0
accept understand easy love try correct flaw incredibly unique crown	0.0	0
231 year later liberal want away url	1.0	0
billionaire spend million curb gun right Washington URL	0.0	0
   yes Canada great achievement Trudeau Liberals keep get well	0.0	0
majority SCOTUS	1.0	0
  democrat year power remember woman bad liberal hypocrite bad kind	1.0	1
ababzhah talk sex make uncomfortable bye	0.0	1
    son antifa mask hater normal	0.0	0
  fuck xenoblade chronicle	1.0	1
    worry Antifa live parent basement community college	1.0	0
clock far right left interested initial claim genocide liberal	0.0	0
  try campaign trail big pay know Iran love Hussein match Presidrnt Trump give salary charity	0.0	0
    kind healthcare provision religious conservative give America saveournhs url	0.0	0
  troll simply dumb enjoy love tweeter rolling_on_the_floor_laughe rolling_on_the_floor_laughe rolling_on_the_floor_laughe rolling_on_the_floor_laughe rolling_on_the_floor_laughe rolling_on_the_floor_laughe rolling_on_the_floor_laughe	1.0	1
work	1.0	0
  yeah way ruin fucking hype not invite dennys finish andreas lol	1.0	1
  scuttlebutt queen	0.0	0
      lmao dumb forgive manner pile shiit say cancer url	1.0	1
  democrats despicable day vitriol lie barrel liberal make sense	1.0	0
walkaway hypocrite	1.0	1
  Democrats cut funding CIA go conservative play rule fuck time url	1.0	1
   think mean send jail fraud	1.0	0
               Andre cury earn 6 million Neymar transfer PSG	0.0	0
NFL FIRE TONY CORRENTE	1.0	0
    try hard righteous spirit	0.0	0
VoteRedToSaveAmerica united_states	0.0	0
  day boy drunk scream PATTY RAID girl scream giggle think go kill Hooker Harris need examine closet	0.0	1
delay divert midterm	1.0	0
big coward	1.0	0
  well hurry pretty old	1.0	0
   feel like weird eitherway cuz league suppose start yesterday not shit	0.0	1
   bring race real racist Democrats liberal like	1.0	1
    talk nonsense talk like Bible Quran	1.0	0
know complete truth	1.0	0
  dumb box rock pass	1.0	1
  entire way dem handle allegation like Antifa action	0.0	0
  liberal prism race	0.0	0
     AntiFa like violence	0.0	0
right	1.0	0
  holder use gag shut	0.0	0
  America win President Trump Google MAGA AmericaFirst	0.0	0
               admit h1ndu	0.0	0
    Saul suffer fool impatient people lazy read learn	1.0	1
hindu blabber non sense	1.0	0
act like protest Kavanaugh protest trump win	1.0	0
policy	1.0	0
  oh FUCKING love LATEX HMU IFU GOT Q IVE year	1.0	1
  custody understand general population custody sort hold cell	1.0	0
    Trudeau liberal rule time oust	1.0	0
red blue map not live FL work url	0.0	0
go hatred return	1.0	0
  compete bad president	1.0	0
   cute 2 day	0.0	0
    literally Bible conservative love thump read	0.0	0
hand cut head cook hasenpfeffer dinner rabbit rabbit rabbit url	1.0	0
  18 USC sec   et al Time press federal criminal charge Eric Holder swamp scum url	1.0	0
crap barometer	1.0	0
stranger beat pulp KKK hood thug	1.0	1
   nice cartoon	0.0	0
  Joe ANTIFA bully fighter fight democracy	0.0	0
  deserve smiling_face_with_horn	0.0	0
  shit sad smh	1.0	1
  dude babe dress wowowowowow	0.0	0
   Landon suck ask birthday play get Landon suck	1.0	1
  tell encourage Antifa shit try drop well	1.0	1
  big thing fail	1.0	0
  worried Russia election meddling understand Google back government deal Trump elect result company get big	0.0	0
trumpisguilty VoteBlue voteblue2018   url	0.0	0
     liar like Antifa twin vigorously defend	1.0	0
   knee thank God people love America	0.0	0
  mean bernie asshole stay home	1.0	1
  ACLU insane antifa democrats violent declare domestic terrorist group	1.0	1
  rage 2 gender skeptic	0.0	0
MAGA url	1.0	0
  Hitler proud David Hogg URL	1.0	0
  beautiful God bless folded_hand	0.0	0
   Mueller tell c o o perate prison life execute come MAGA drainthedeepstate ConfirmKavanaugh traitorsall	1.0	0
   old crap spew liberal MSM disgusting	1.0	1
group combine statistical fact remind 1 case die antifa solid ground	0.0	0
  Omg interested age damn fine af winking_face_with_tongue	1.0	1
  support d Roseanne	0.0	0
  currently date	0.0	0
  look forward see bring market rum market need quality infusion time finger cross quality spice rum	0.0	0
photoshop pic Toad MAGA cap confederate flag kart	0.0	0
           url guy Guy look like Sheila qanon MAGA greatawakening url	0.0	0
sexual identity instead common sex gender m f option	0.0	1
  OMG care Hollywood Liberals	0.0	0
   know chant Puto mean fine time mean acceptable bully player culture country	1.0	0
lmao see grown screen bloody murder new potus face_with_tears_of_joy face_with_tears_of_joy	1.0	0
mislead public disclosure threaten sen	0.0	0
  cunt 1st EU url	1.0	0
"	 0 
   lefty globalist noonecare 	 0 
  nurse friend look blue_heart yeah bit wet cough doctor deal early tell basically throw prescription antibiotic 
 assume mean think possibly chest infection eye 	 0 
  shit right face_with_tears_of_joy 	 1 
  parody unto certainly take heat idiot optic know liberal optic substance 	 1 
 people good faith high character come compete conclusion originalism abortion gun control religious liberty   Kavanaugh KavanaughHearings url"	0.0	1
  DEVIL UGLY FACE LIBERALS FEEL SORRY innocent honest ONES BRAINWASHED	1.0	1
LiberalHate LiberalIntolerance SocialistLies VetoBeto url	0.0	0
  Bullshit People die incompetent puerto rican government official expose dumb ass good try	1.0	1
  liberal will insult defense ideological agenda	0.0	0
normal rifle	0.0	0
MAGA	0.0	0
1 end War Drugs 2 slash shit taxis board 3 repeal unconstitutional gun control law url	1.0	1
shut mess Yumi mess Ms. Yuzuki	1.0	1
Judge Nap ready Version Clarence Thomas Anita Hill Hearings url theliberalway stop Pathetic lie dems   MAGA	0.0	0
   kind feel like AntiFa terrorist maybe overstate lol man_shrugge	1.0	0
united_states	1.0	0
trump responsible employment MAGA url	0.0	0
   Gibraltar people hostage remain Brexit negotiation     care fig	0.0	0
believe liberal mindless sheep	0.0	0
Americans great client appraiser carry inspection radical client radical client hate America MAGA	0.0	0
     Jaclyn crazy stupid straight lie people Morphe return policy deceptive predatory	1.0	1
   thank folded_hand follow red_apple maga hundred_point united_states united_states united_state url	0.0	0
  shit poppin	1.0	1
pos embarrassment USA	1.0	0
turn Cody Sanjuro Wilson fancy samurai probably collect fake sword riceking usefulidiot QAnon MAGA url	0.0	0
  go to bullshit	1.0	1
  suck commie atheist liberal refugee use precious tax dollar	1.0	1
   fuck night	1.0	1
antifa ANONYMOUS come url	1.0	0
  idiot actually listen   suck	1.0	1
amazing actor two_heart JenShad major actor couple goal two_heart fire AdiYa bepannaah	0.0	0
   diabetic zipper mouth_face	0.0	0
  talk shit buff chicken dip dude buff chicken dip	1.0	1
  reason liberal deport sick twisted fix	1.0	1
  believe ask people 2 vote aishwarya bcos mentally unstable n mood swing	1.0	0
  prove liberal shame whatsoever deceiver prove liar nerve speak cast shadow	1.0	0
  eye sit think killer porn stache	1.0	0
   great work Cory today hero Op Ed author invoke 25th	0.0	0
  legend say actually get phone reach day	0.0	0
  time political correctness lie know scene liberal laugh vote	0.0	0
long parlay victim point criticism work offer	0.0	0
  Boycott Nike	0.0	0
despicable	1.0	0
  know sex sale know Ridge go choose daughter jmo want Hope	1.0	0
  Kirinodere Curious Case Fucked Customs Fees 10/10 good book	1.0	0
MAGA url	0.0	0
  Winston think lovely url	0.0	0
imagine anxiety feel make smile	1.0	0
snowflake   whine whine whine MAGA baby url	1.0	0
  consider Puerto Rico electricity 70 island hurricane m wonder leave brain tarmac sun year probably Trump Baron assume	0.0	0
  obviously suck player promise large majority season ticket base support President boycottthenfl takeastand	0.0	1
eld liberal time take away	1.0	0
  think feel little well right pitiful tum upset	0.0	0
  thank god conservative dismissive hear resort call people snowflake term like SJW discredit people	0.0	0
  //Anime gag series manga bloody fuck	1.0	1
   love badass	1.0	0
  good Antifa violent fascism	0.0	0
    game bullshit	1.0	1
  make dope ass song singer writer url	1.0	1
   antifa class antifa member school	0.0	0
              knowwhat antifa stand signifie	0.0	0
thread refer Drug Fraud far right true grinning_face_with_big_eyes	0.0	0
  Liberals liberal right	0.0	0
      difference extreme right wing conservative hint act B'Stard url	0.0	0
  fucking good	1.0	1
   frightening	0.0	0
intellectual	1.0	0
  Krazee right winger nerve bitch Antifa	1.0	1
  fuck ya mom URL	1.0	1
   different MAGA	0.0	0
10 restaurant diner fatally shoot Corpus Christi 357 Ruger Blackhawk revolver NRA call gun control research unethical	1.0	0
  not rape daughter friend 16 year old long commit suicide	1.0	0
   OMG Heath bleed daughter family hold tight tell safe folded_hand folded_hand folded_hand folded_hand folded_hand red_heart   red_heart   red_heart	0.0	0
    use conversation regularly sure case grinning_face	0.0	0
politic shame	1.0	0
   not matter say correct stupid life family live jeopardy base politico Dam fool	1.0	1
  Hate hate matter aisle bad Republicans bad lwhen liberal non partisan	0.0	1
  dead	0.0	0
   probably scream gun control	0.0	0
  Conservatives want talk scandal let start ball let busy chicken	1.0	0
   bear 69 dude url	0.0	0
issue make barbarically	0.0	0
anger entertaining	0.0	0
  antifa define strike statistic virtually parent	0.0	0
  trash	1.0	1
go prove like rest antifa bloody dangerous	1.0	1
     liberal vile vicious disgusting url	1.0	1
  liberal insert agenda	0.0	0
  2a put end Antifa fuckwit pardon language	1.0	0
public will covered Shitstream medium know	1.0	0
  asshole nerve unreal	1.0	1
  likely shift political operative GOP life long dream work outcome decade sad	1.0	0
think speak volume url	0.0	0
   ask cause death starvation hurricane	0.0	0
	0.0	0
KKK WHITE SUPREMACY shut free speech	1.0	0
steamroll 4th grader know	1.0	0
bad take lie 5 year India disappear	1.0	0
  believe mean sacrifice like Hitler	0.0	0
	1.0	0
   Everytime open mouth idiocy come embarrassment Clinton	0.0	0
  10 city avoid winter	0.0	0
  Holder prison	1.0	0
  court jester senate	1.0	0
  Satan	1.0	0
Democrats double sided hypocrisy surpise MAGA ConfirmKavanaugh pjnet url	1.0	0
Aaron Rodgers	0.0	0
bill double deduction Joe help vote Nov 6th MAGA	0.0	0
  false democrats well ConfirmKavanaugh MAGA drainthedeepstate	1.0	0
  piece shit	1.0	1
               evangelist speak fill holy spook url	1.0	0
   ridiculous go vote point apparent accept bribe	1.0	1
    Lindsey sink low rest hateful liberal	1.0	1
  Democ Rats pull Anita Hill trick derail Judge Kavanaugh confirmation work   triumph communist destroy USA MAGA	1.0	0
    arrest immediately wicked crazy democrat	1.0	1
   holier thou   Sippin wine shade MAGA	0.0	0
 	0.0	0
  think know denial	1.0	0
  thank world cartersbodysuitsweepstake	0.0	0
  Climate change climate fraud wealth redistribution scheme new	0.0	0
TheresaMay need PeoplesVote   url	0.0	0
Accuser hardcore leave activist Soros antifa type hammer 2grd	0.0	0
NRA hold Congress Democrats repug	0.0	0
  hope block Monday want page reaction Kavanaugh get confirm Supreme Court gun control effectively dead	1.0	0
    useful idiot international communism like antifa today url	1.0	1
attention desire bovine fecal post	1.0	0
uscode18ch115sec2384 yep 20yr jail time	0.0	0
  awful	1.0	0
kind love pedo dawn tv set march line resist	1.0	0
nonsense conservative strength speak GOP	0.0	0
  projection doozy far leave democratic socialist antifa member amazing	0.0	0
  ready red tsunami water_wave	0.0	0
  right housing association take lead major development investment   enable url	0.0	0
   Harrison Ford renewable energy power home power plant rest neighborhood power plant release toxin air	0.0	0
      account     Antifa twin try twist usual game	0.0	0
   shaq silver look ass face_with_tears_of_joy face_with_tears_of_joy	1.0	1
record horrible stupid shit url	1.0	1
confirmjudgekavanaughnow SenatorFeinstein DemocratsHateAmerica URL	1.0	0
thinblueline MAGA KAG bluelivesmatter LawEnforcement 2a	0.0	0
  Insanity LockThemAllUp HandCuffsForHillary MAGA url	1.0	0
  say u DESPERATE LIBERALS UR dirty tricks AINT GONNA work kavanaugh confirmed GINSBERGISNEXT rolling_on_the_floor_laughe rolling_on_the_floor_laughe rolling_on_the_floor_laughe rolling_on_the_floor_laughe rolling_on_the_floor_laughe rolling_on_the_floor_laughe rolling_on_the_floor_laughe rolling_on_the_floor_laughe rolling_on_the_floor_laughe rolling_on_the_floor_laughe rolling_on_the_floor_laughe rolling_on_the_floor_laughe rolling_on_the_floor_laughe rolling_on_the_floor_laughe rolling_on_the_floor_laughe	0.0	0
   lie	0.0	0
  ironic bad anti- 2nd Amendment legislator want activist judiciary verify gun control law maker anti cos	0.0	0
  perfect description ANTiFA fascist shit bag	1.0	1
call defence fight law	0.0	0
   testify shut fraud false memory person rape forget	1.0	1
  girl call tryna ugly ugly	1.0	0
  Conservatives policy antisemitism quote international recognition report vigour labour	0.0	0
  God terrible	1.0	0
   drag foot total WITCH hunt MAGA BestPres45 url	1.0	0
    liberal stand winnig face_with_tears_of_joy url	0.0	0
  important story business growth limitation historically low unemployment rate WI url	0.0	0
usually dead	0.0	0
      liberal address insult attack	1.0	1
  say   platform gun control reform worry kind like Kavanaugh go kill woman Gays	1.0	1
   not wat Left Liberals hve India	0.0	0
  Heil Facebook yeah pretty	0.0	0
    promise position money	0.0	0
democrats till   url	1.0	0
      legalize killing baby liberal afraid Trumps supreme court pick take away	1.0	0
  country recognize high hand authoritarian gerrymandering democratic subversion self serve Ontario conservative speak	0.0	0
  adorable	0.0	0
  get email Feinstein winking_face_with_tongue	0.0	0
  gun control	0.0	0
    right forget MAGA oncoming_fist	0.0	0
  Antifa get kill	0.0	0
  best casting announcement Riker excited love meet twice sweetest	0.0	0
   opportunistic lie sack human waste pay left turn tv Ed	1.0	1
   dog	1.0	0
  liar	1.0	0
  day free dead ass talk come cause imma block yo ass	1.0	1
  m fuck sad gif art	1.0	1
   > > > > > Funner fact company   create > > > C < < < WORLD know listen url	0.0	0
url	1.0	0
    miss Rachel Maddow look air time prove pay butt load taxis maga WalkAway	0.0	1
  go to boo ass regardless	1.0	1
  watch music video jacket hrgggg love hank dumb ass	1.0	1
  adorable ^^	0.0	0
time url	0.0	0
schutzstaffel SS intimidate opponent remind Antifa thug today Hitler get Muslims uncanny	0.0	0
   Glad wear Wranglers gun control propose stop criminal	1.0	0
   know apartment fucking problem	1.0	1
           Retweet complete follow patriot united_states tornado   police_car_light cross_mark victory_hand	0.0	0
   Best Remedy = bing nevervotedemocrat n e v e r MAGA2018	0.0	0
   MSM Democrats Liberals describe Antifa Peaceful Demonstrators opinion Democrat Army prepare war ogre ogre ogre	0.0	0
   LUCY HALE travel IM poite	0.0	0
    traitor	1.0	1
  Carrey pig face_with_symbols_on_mouth	1.0	1
  Hell fuckin yea	1.0	1
   active duty personnel know think dangerous fool maybe 100 racist military klansman support Mr. traitor pant	1.0	1
lie FBI crime         MAGA MAGAts url	0.0	1
  liberal truly outdo stunt absolutely disgusting	1.0	1
trump fake president	1.0	1
liberal leave good business day eat	1.0	0
  Antifa cloth	0.0	0
   rolling_on_the_floor_laughe rolling_on_the_floor_laughe face_with_tears_of_joy face_with_tears_of_joy face_with_tears_of_joy face_with_tears_of_joy communist fool	1.0	1
  like reading leaflet Antifa BLM utter garbage	1.0	1
  sexy try	0.0	0
  cat special dog	0.0	0
  hell talk threat come gun control nut kid	1.0	1
   super underrated	0.0	0
lack Tennant Rights Profits tory sell Public Land labour	0.0	0
   cracchead lol wait leak	0.0	0
  fox sash di'd tho	1.0	0
     feel sorry greedy hide patreon dumb kid donate watch playing game whisper mic	1.0	1
example serena like happen	0.0	0
  witch	1.0	0
      rapid dog zany_face	1.0	0
United States 24/7 antifa openly advocate kill cop silence	0.0	0
black japanese America identify people race	0.0	0
  Deep State coup work	0.0	0
makeamericagreatagain AmericaFirst MAGA USA United_States	0.0	0
  disgusting sound like absolutely right think liberal start realize political game	1.0	1
  idea sorry	0.0	0
   MeToo ruin hateful demonic Democrats weaponized MEN Disgusting Democrats liberal ruin touch VoteRedToSaveAmerica MAGA	1.0	1
   dumb look	1.0	1
  rag ass Puerto rico Don mayor stop work	1.0	1
   hold happen accord 35 yr decide try ruin life despicable regardless happen	0.0	0
   unwatchable careful surf   sure stop accident bloody awful channel	1.0	0
  get pick 6 Darn flag beaming_face_with_smiling_eyes url	0.0	0
  RIP promotion try access end show	0.0	0
  hero	0.0	0
    cardboard box come pick haunted cardigan	0.0	0
  Goo goo google baby_light_skin_tone	0.0	0
  truly sly self deprecate humor swagger like say american	1.0	0
  agree Tomlins seat heat tired hear s safe regular season record waste championship opportunity shenanigan get old	0.0	0
  kind attentive thank folded_hands_medium dark_skin_tone peace	0.0	0
FYI know lot Liberals member NRA agree	0.0	0
    think try funny dog whistle prohibitionist way total fucking disgrace belittle cannabis use wanker	1.0	1
godblessamerica godblesstheworld godblessourmilitary 100thmonkey	1.0	0
good Alia good threat call goddess	1.0	0
LookUp SilentWarfare WeatherWarfare MAGA potus breakingnew url	0.0	0
  Croatian President bikini photo world hot president URL	1.0	0
      Vince Cable get bed Tories ridiculous Knighthood	1.0	1
succeed use cliche&catch phrase liberal use make look like liberal wannabe	0.0	0
   Espn joke entitled bully handle lose	1.0	0
  gun control stop illegal obtain firearm	0.0	0
  click FUCK	1.0	1
  hell queen day believe bit bullsh*t pull lie Demonrat MAGA trump2020	1.0	1
    think crack	1.0	0
    yes need gun control control	0.0	0
  liberal moral go kind drug sex child endangerment	1.0	1
impeachment law enforcement involve	0.0	0
  happen inthe GOP vote get destroy vote republican Senate ensure margin victory AMY CONEY BARRETT liberal bad nightmare	1.0	0
    CNN involve Conspiracy Theories propaganda protect Antifa guess   Bill   Bills propaganda protect state medium url	0.0	0
EqualJustice require dem conservative treat way law url	0.0	0
  resist get today face_with_rolling_eyes	0.0	0
  sure wake want fuck chud antifa super soldier serum idk	1.0	1
   racist undeserving overbear crybaby throw Tantrum like Serena Williams pull maybe racist see	1.0	1
  truth gun control human nature picture url	0.0	0
   clown_face	1.0	0
    embarrassment kick	1.0	0
   Zero evidence lmaooooooo love see liberal squirm shit like face_with_tears_of_joy face_with_tears_of_joy face_with_tears_of_joy	1.0	1
     daveb boring man grace SIMB thank fuck run BORED	1.0	1
  gay child die result bert ernie gay hope ur happy conservative	0.0	0
  cool way	0.0	0
  strong character corrupt house card fall fast matter time	0.0	0
    Farrakhan refer white people Blue eyed devil repeat say Jews anti semitic	1.0	1
  conference election President 30 minute Ted Lieu discuss stop Trump guy support Antifa Maxine mentor	0.0	0
   year ago LIAR total bs propaganda team trump crime past decade include  	1.0	0
dream come Illegals	1.0	0
  amazing talented hope amazing night heart_with_arrow two_heart sparkling_heart heart_with_arrow	0.0	0
  U.S. tie increase cost drug Canada Conservatives help	0.0	0
    guess mean time UK unite division circular argument	0.0	0
look like jealous hater Montel	1.0	0
   right politic place reproductive organ sex life	1.0	1
  BREATGE kpop stan u nigger	1.0	0
    walk street strict gun control USA 1 + 1 = 2	0.0	0
ignorance	1.0	0
  BITCH mean DIDNT know ZOOMED BITCH fun	1.0	1
betrayal cost election MAGA tcot KAG URL	0.0	0
make liberal look bad	1.0	1
wonder conservative work Twitter fear say url	0.0	0
  obsess   millionaire good comedian money Big Daddy Bone Spurs hand a**hole	1.0	0
  cackle different shit time watch lol	1.0	1
  stop give family air time exactly trump	0.0	0
  thank bad bitch believe URL	1.0	1
ANTIFA SUPERSIZED smiling_face_with_horn url	0.0	0
Washington Post slander Hurricanes Climate Change url tcot maga rednationrise	0.0	0
  apologize delay response want follow experience issue engineer final stage mitigate impact relate event ^ma	0.0	0
  Hillary Clinton potus oops	1.0	0
   Sad right awful consider issue pray family	0.0	0
Richard Cornuelle reclaim american Dream   9	0.0	0
  Joe swear like shit intentionally fan hospital heart attack EverybodyIn	1.0	1
  liberal like add salt beer spoil	0.0	0
   POTUS right help people heart feel politicize like liberal	0.0	0
  come sick puppy liberal Beast	1.0	1
       VOTE RED MAGA	0.0	0
stay course proud Meghan give url	0.0	0
    ass	1.0	1
                   follow retweete follow trump supporter	0.0	0
   Soutien total stop fascisme Antifa AntiFascist	0.0	0
  dem try clean sloppy kavanaugh allegation confirmjudgekavanaughnow MAGA	0.0	0
   need RICO investigation	0.0	0
   hey you shit dms aight	0.0	1
hungry feel Indian Army greatly url	1.0	0
  fuck m wire	1.0	1
  bronbron cool ok eat ass lakergang	1.0	1
brexit   deal EU   split 2   100 brexit remain	0.0	0
   thank random internet person time want shit squeeze head	1.0	1
  not guy Whoops late guy unfollowed	0.0	0
MalcolmX Liberals wise man url	0.0	0
    alive greatness Hinduism try Quran gut	0.0	0
  slap shit outta	1.0	1
    Awesome	0.0	0
   Hope come home safe god protect whr	0.0	0
America WalkAway vote live poverty SERVITUDE MAGA WWG1WGA url	1.0	0
hair ask pussy get bald think try new comb hide bad oldageproblem MAGA url	1.0	1
       lie bud listen	0.0	0
    wow good thumbs_up thumbs_up	0.0	0
MaximeBernier new party stake classical liberalvalue DonPittis | CBC News url	0.0	0
  advocate gun control right car kill drunk driver ban car alcohol	0.0	1
  love 1 bitch url	1.0	1
  let kid prostitute	1.0	0
   Antifa Tribute song url	0.0	0
  gun control anymore hate gun away hateful find let resolve anger come	0.0	1
   mental case sure	1.0	0
resist    DEMS MSM blast story imagine false story conservative count url	0.0	0
  safety Raven hope safe return soon	0.0	0
              Alt Right Antifa coward Fact TuesdayThoughts url	0.0	0
  paranoid person think fucking yale kind antifa HQ	1.0	1
bengazi trust die	1.0	0
benidorm check_mark_button creamfield check_mark_button maga check_mark_button shabby summer	0.0	0
time rare message absolute	1.0	0
geter fnma FMCC fanniegate endcorruption lockthemallup MAGA	1.0	0
  Francis force aside Church need cleanse	1.0	0
   liberal rat ass have power period cry way	1.0	1
white supremacist kill people attack	1.0	1
Golf Weekends swear time MAGA url	1.0	0
     soft little figure skate ballerinas	0.0	0
good laugh	1.0	0
   call decorate disabled veteran shame know subject make slanderous remark	1.0	0
       horrible incident hundred antifa kill anybody	1.0	0
LOL Ted Cruz think Texas voter stupid say Beto O'Rourke ban barbeque state Texas resist MAGA ridiculous url	1.0	1
crocodile tear gun control	1.0	0
  literally good believe poorly previous owner treat	0.0	0
  THIRTY AGED ZAYN SEXY jdkdkdk make EMO	0.0	0
time chance cut funding thing	0.0	0
   fantastic match	0.0	0
   liberal interoperate law reason sure flood court conservative Judges	0.0	0
	1.0	0
  think left hate gun gun violence Gun control right	1.0	1
  disgusting	1.0	1
  s Liberals pay Soros thing	1.0	0
  link knuckle go dodge like creddy	0.0	0
vanguard minority protect fraudulent vote	1.0	0
  press talk remarkable 20yr old future	0.0	0
  great model inspiration	0.0	0
       Unicorns Antifa rainbow socialist puffy heart feminazi sunshine pussy hat resist face_with_tears_of_joy rolling_on_the_floor_laughe face_with_tears_of_joy	1.0	1
  risk ass lol	1.0	1
  yea gun control debate slur	0.0	0
  wonder antifa wunderkind   want work	0.0	0
    conservative accept antisemitism definition	0.0	0
  Liberals take   slightly_frowning_face	1.0	0
  u cold bitch	1.0	1
   watch u start benghazi	0.0	0
  liberal one argue away right	0.0	0
bad government country	1.0	1
     funny liberal Democrats work fight Twitter	0.0	0
  course make money situation dem value greed power	1.0	0
maybe smart TrumpTrain tired get run unlike sycophant url	1.0	0
  world stop liberal wanna hijack process delay cost	1.0	0
  stylistic nuance trivial U shud prioritise level discretion ambiguity keep ur adult life harm Leftist Elites Antifa shocktroop	0.0	0
member terrorist Bill Clinton crush Kavanugh predator	1.0	0
      disgusting coont	1.0	1
boy boy NBD MoronsAreGoverningAmerica MAGA kavanaugh	1.0	0
  Carrey weird like peewee Herman	1.0	0
  b story watch football	1.0	0
beautiful people shameful dig   dreg society support Donald Trump          MAGA url	1.0	0
socialist like   eager collapse economy	0.0	0
stand Nancy Pelosi liberal identity politic horseshit	0.0	0
  protest right right sure money go NFL support include Nike	0.0	0
  hey brian tell time vote liberal gun away url	0.0	0
  Comedians suppose funny	0.0	0
  hey dipstick sign Kaepernick love	0.0	0
  conservative want appoint	0.0	0
   Miriam	1.0	0
  say   think sell AR15 liberal deny pro gun AR15 assault weapon sporting rifle KeepTexasRed vote	0.0	0
antifa url	1.0	0
releasethecure declassifyfisa united_states ItsTime lockthemallup WWG1WGA united_states greatawakening   win QAnon MAGA James Comey know go indict   youtube url	1.0	0
   imagine divorce case murder honor like introduce evidence book detail plan kill	0.0	0
guncontrol robbery murder selfdense Defend secondammendment want Gun Control Armed Home invader try Ambush Homeowner | Active Self Protection url	0.0	0
/Sarcasm	1.0	0
    Rooney will not need action	0.0	0
    thank creator find big list people follow person search ANTIFA Communists infect youth	0.0	0
      weird ice team slap face	0.0	0
   ask question answer	0.0	0
   legislate common sense gun control tone racist rhetoric	1.0	1
  bright light tree	0.0	0
  people hate identity politic go left hate black conservative	1.0	1
  watch movie maniac	1.0	0
   epitome class intelligence red_heart	0.0	0
  time hate horrifying feeling happen m doze jolt wide fuck awake	1.0	1
  head fuckin egg	1.0	1
  OFFF bean	0.0	0
   blight womanhood grow	1.0	0
   hate 7 year old faggot Logan fan like	1.0	0
nuisance triviality election url MAGA	1.0	0
1/ Party Conference good time remind party particularly govern party   mandate actually exactly people Brexit	0.0	0
speak thing know sit little boy	0.0	0
today neo nazi Aka antifa thegreatawakene MAGA QAnon	1.0	0
   hypocrite stabber like boss applaud clip neighbor help need help url	1.0	1
   mean permission sit panel denigrate president country negotiate	0.0	0
   Lol successful president lifetime undo damage Obummer set America right path MAGA	0.0	0
   s silly 90 cartoon popular fuck	1.0	1
     know well use common sense hypocritical liberal keithellisonabuse	1.0	0
  gorgeous little mini red_heart   cherry_blossom	0.0	0
NJ United_States November 6th NJ r RINO united_state mid term NJ True Red r	0.0	0
know read script	1.0	0
             Glad ok	0.0	0
    fake lol	1.0	0
	1.0	0
  Comey piss Constitution rat need away face consequence	1.0	1
FBI work know safe&llook	0.0	0
pretend dementia libs MAGA url	1.0	0
Lebron amazing swallow clear beat deplorable believe MAGA scott adam	0.0	0
throw   buck showalt throw	1.0	0
   terrorist organization exactly antifa name criminal organization	0.0	0
  jail family criminal	1.0	0
   mohammadhassankhalid traitor USA fellow Islamists unlikely enjoy long happy healthy life base poor decision make skill value	0.0	0
  nah coz cunt block	1.0	0
  legacy crap want save crap	1.0	0
   see vague confirm	1.0	0
thing gun control vote racist payday loan bill	1.0	1
    wonder love drug deal boyfriend work Burger King	1.0	0
  sex symbol rap LMAOOO BITCH YOUre FAT FUCK anyways tryna fight	1.0	1
  globalist tool	0.0	0
  like Haiti Obama Clinton	0.0	0
  say support gun control legitimate life experience know people deservedly get shoot Dorner	0.0	0
rare mass shooting event D.C. Vegas exception	0.0	0
MondayMotivation instead MAGA MAAA America America rest world miss	0.0	0
  wrongfully characterize fucking truth guy ignorant	1.0	1
  Republican mean	1.0	0
  double life veronique	0.0	0
   bio relevant piece shit thinking_face eye	0.0	1
  hey bono- turn Dublin hotel refugee Asshole	1.0	1
  hear Hillary beeche moan dang witch tired complain	1.0	0
  conservative Kansas join claim Christine Blasey Ford make false accusation support   time cus level stupidity hallmark	1.0	1
       see Denver week traumatized Cohen owe life D List	0.0	0
   Glorita sparkle Venezuela	0.0	0
LGBTQ right VIOLATE immigrant url	1.0	0
  face_with_tears_of_joy face_with_tears_of_joy face_with_tears_of_joy face_with_tears_of_joy face_with_tears_of_joy face_with_tears_of_joy mad tired	0.0	0
  love YO CUTE ASS	1.0	1
  Proof conservative suck satire backhand_index_pointing_up	0.0	1
  scary	0.0	0
   USA WW2 soldier Antifa anti fascist kill	0.0	1
   damn straight good vibe come November hundred_point hundred_point hundred_point thumbs_up_medium light_skin_tone thumbs_up_medium light_skin_tone � � medium light_skin_tone	1.0	0
   Fuuckkkk youuuuu	1.0	0
  amazing reporter scared truth tell MAGA releasethedocument	0.0	0
  like bad good way miscast amazing	0.0	0
  thank bro glad think bro amazing	0.0	0
   lot religious conservative hopefully Beto get bunch unlikely voter poll capture	1.0	0
party waste money new approach zero guarantee	0.0	0
   embarrassment	1.0	0
    tell Cincinatti murder Fifth Bank say firearm apparently legally purchase hard clamor fail gun control 2a url	0.0	0
  antifa	0.0	0
    happen lose URL	0.0	0
   coward mask Antifa true fascist	1.0	1
     Lord Pies keep c*ck holst shut give toss Hollyweirdo MAGA	1.0	0
  missus horse fuck right chase like bell end	1.0	1
  justdoit nike	0.0	0
